subscription_id,customer_id,product_id,status,amount_in_dollars,currency,start_date,ended_date
sub_0000526,cust_000549,prod_2,active,99.00,aud,2024-01-01 00:00:00,
sub_0000527,cust_000322,prod_4,active,79.00,usd,2024-01-05 00:00:00,
sub_0000528,cust_000550,prod_4,cancelled,79.00,usd,2024-01-03 00:00:00,2024-06-04 00:00:00
sub_0000529,cust_000551,prod_4,active,79.00,usd,2024-01-05 00:00:00,
sub_0000530,cust_000552,prod_4,active,79.00,usd,2024-01-06 00:00:00,
sub_0000531,cust_000281,prod_2,active,99.00,aud,2024-01-03 00:00:00,
sub_0000532,cust_000553,prod_4,cancelled,79.00,usd,2024-01-05 00:00:00,2024-05-01 00:00:00
sub_0000533,cust_000554,prod_4,active,79.00,usd,2024-01-04 00:00:00,
sub_0000534,cust_000555,prod_1,cancelled,49.00,aud,2024-01-05 00:00:00,2024-04-04 00:00:00
sub_0000535,cust_000556,prod_4,active,79.00,usd,2024-01-05 00:00:00,
sub_0000536,cust_000557,prod_4,cancelled,79.00,usd,2024-01-02 00:00:00,2024-03-01 00:00:00
sub_0000537,cust_000558,prod_4,cancelled,79.00,usd,2024-01-04 00:00:00,2024-10-03 00:00:00
sub_0000538,cust_000559,prod_3,cancelled,39.00,usd,2024-01-01 00:00:00,2024-06-04 00:00:00
sub_0000539,cust_000560,prod_4,cancelled,79.00,usd,2024-01-04 00:00:00,2025-07-01 00:00:00
sub_0000540,cust_000348,prod_4,cancelled,79.00,usd,2024-01-02 00:00:00,2024-03-03 00:00:00
sub_0000541,cust_000561,prod_4,active,79.00,usd,2024-01-02 00:00:00,
sub_0000542,cust_000562,prod_4,active,79.00,usd,2024-01-01 00:00:00,
sub_0000543,cust_000563,prod_4,active,79.00,usd,2024-01-01 00:00:00,
sub_0000544,cust_000564,prod_4,active,79.00,usd,2024-01-04 00:00:00,
sub_0000545,cust_000186,prod_4,active,79.00,usd,2024-01-01 00:00:00,
sub_0000546,cust_000565,prod_4,active,79.00,usd,2024-01-06 00:00:00,
sub_0000547,cust_000566,prod_4,active,79.00,usd,2024-01-05 00:00:00,
sub_0000548,cust_000280,prod_4,active,79.00,usd,2024-02-05 00:00:00,
sub_0000549,cust_000568,prod_2,active,99.00,aud,2024-02-01 00:00:00,
sub_0000550,cust_000569,prod_4,active,79.00,usd,2024-02-02 00:00:00,
sub_0000551,cust_000570,prod_4,cancelled,79.00,usd,2024-02-02 00:00:00,2024-04-02 00:00:00
sub_0000552,cust_000571,prod_4,active,79.00,usd,2024-02-01 00:00:00,
sub_0000553,cust_000572,prod_4,active,79.00,usd,2024-02-06 00:00:00,
sub_0000554,cust_000043,prod_2,active,99.00,aud,2024-02-04 00:00:00,
sub_0000555,cust_000573,prod_3,cancelled,39.00,usd,2024-02-01 00:00:00,2024-05-02 00:00:00
sub_0000556,cust_000574,prod_4,active,79.00,usd,2024-02-01 00:00:00,
sub_0000557,cust_000575,prod_4,active,79.00,usd,2024-02-02 00:00:00,
sub_0000558,cust_000576,prod_2,cancelled,99.00,aud,2024-02-03 00:00:00,2024-10-01 00:00:00
sub_0000559,cust_000577,prod_2,active,99.00,aud,2024-02-04 00:00:00,
sub_0000560,cust_000578,prod_4,active,79.00,usd,2024-02-01 00:00:00,
sub_0000561,cust_000579,prod_2,cancelled,99.00,aud,2024-02-05 00:00:00,2024-09-04 00:00:00
sub_0000562,cust_000580,prod_4,active,79.00,usd,2024-02-06 00:00:00,
sub_0000563,cust_000581,prod_4,active,79.00,usd,2024-02-04 00:00:00,
sub_0000564,cust_000582,prod_2,active,99.00,aud,2024-02-06 00:00:00,
sub_0000565,cust_000583,prod_2,active,99.00,aud,2024-02-06 00:00:00,
sub_0000566,cust_000584,prod_4,cancelled,79.00,usd,2024-02-06 00:00:00,2024-03-02 00:00:00
sub_0000567,cust_000585,prod_4,active,79.00,usd,2024-02-05 00:00:00,
sub_0000568,cust_000586,prod_4,active,79.00,usd,2024-02-04 00:00:00,
sub_0000569,cust_000587,prod_4,active,79.00,usd,2024-02-03 00:00:00,
sub_0000570,cust_000588,prod_4,cancelled,79.00,usd,2024-02-02 00:00:00,2024-03-01 00:00:00
sub_0000571,cust_000473,prod_2,active,99.00,aud,2024-02-04 00:00:00,
sub_0000572,cust_000281,prod_2,cancelled,99.00,aud,2024-02-01 00:00:00,2025-08-02 00:00:00
sub_0000573,cust_000589,prod_4,active,79.00,usd,2024-02-05 00:00:00,
sub_0000574,cust_000590,prod_4,active,79.00,usd,2024-02-05 00:00:00,
sub_0000575,cust_000593,prod_4,active,79.00,usd,2024-03-05 00:00:00,
sub_0000576,cust_000594,prod_2,active,99.00,aud,2024-03-02 00:00:00,
sub_0000577,cust_000595,prod_2,cancelled,99.00,aud,2024-03-05 00:00:00,2024-04-01 00:00:00
sub_0000578,cust_000596,prod_1,cancelled,49.00,aud,2024-03-06 00:00:00,2024-10-02 00:00:00
sub_0000579,cust_000597,prod_2,active,99.00,aud,2024-03-03 00:00:00,
sub_0000580,cust_000598,prod_2,cancelled,99.00,aud,2024-03-06 00:00:00,2024-05-04 00:00:00
sub_0000581,cust_000599,prod_4,active,79.00,usd,2024-03-06 00:00:00,
sub_0000582,cust_000600,prod_1,cancelled,49.00,aud,2024-03-05 00:00:00,2024-07-02 00:00:00
sub_0000583,cust_000282,prod_2,cancelled,99.00,aud,2024-03-06 00:00:00,2025-02-03 00:00:00
sub_0000584,cust_000145,prod_4,cancelled,79.00,usd,2024-03-02 00:00:00,2026-01-20 00:00:00
sub_0000585,cust_000601,prod_2,cancelled,99.00,aud,2024-03-03 00:00:00,2025-03-01 00:00:00
sub_0000586,cust_000602,prod_4,active,79.00,usd,2024-03-06 00:00:00,
sub_0000587,cust_000603,prod_4,active,79.00,usd,2024-03-05 00:00:00,
sub_0000588,cust_000604,prod_1,cancelled,49.00,aud,2024-03-04 00:00:00,2024-07-04 00:00:00
sub_0000589,cust_000605,prod_2,cancelled,99.00,aud,2024-03-06 00:00:00,2025-09-02 00:00:00
sub_0000590,cust_000606,prod_1,cancelled,49.00,aud,2024-03-06 00:00:00,2024-06-02 00:00:00
sub_0000591,cust_000607,prod_2,active,99.00,aud,2024-03-06 00:00:00,
sub_0000592,cust_000608,prod_4,active,79.00,usd,2024-03-02 00:00:00,
sub_0000593,cust_000609,prod_4,active,79.00,usd,2024-03-02 00:00:00,
sub_0000594,cust_000610,prod_2,cancelled,99.00,aud,2024-03-02 00:00:00,2024-05-04 00:00:00
sub_0000595,cust_000171,prod_4,active,79.00,usd,2024-03-06 00:00:00,
sub_0000596,cust_000611,prod_4,active,79.00,usd,2024-03-01 00:00:00,
sub_0000597,cust_000612,prod_2,active,99.00,aud,2024-03-05 00:00:00,
sub_0000598,cust_000613,prod_4,cancelled,79.00,usd,2024-03-02 00:00:00,2024-06-04 00:00:00
sub_0000599,cust_000614,prod_4,active,79.00,usd,2024-03-05 00:00:00,
sub_0000600,cust_000615,prod_4,active,79.00,usd,2024-03-06 00:00:00,
sub_0000601,cust_000616,prod_4,active,79.00,usd,2024-03-01 00:00:00,
sub_0000602,cust_000617,prod_4,active,79.00,usd,2024-03-03 00:00:00,
sub_0000603,cust_000618,prod_4,active,79.00,usd,2024-03-02 00:00:00,
sub_0000604,cust_000619,prod_2,active,99.00,aud,2024-03-06 00:00:00,
sub_0000605,cust_000490,prod_2,active,99.00,aud,2024-03-06 00:00:00,
sub_0000606,cust_000620,prod_2,active,99.00,aud,2024-03-01 00:00:00,
sub_0000607,cust_000621,prod_6,cancelled,1003.15,usd,2024-04-02 00:00:00,2025-02-03 00:00:00
sub_0000608,cust_000623,prod_4,active,79.00,usd,2024-04-01 00:00:00,
sub_0000609,cust_000624,prod_4,cancelled,79.00,usd,2024-04-04 00:00:00,2024-05-02 00:00:00
sub_0000610,cust_000625,prod_4,active,79.00,usd,2024-04-06 00:00:00,
sub_0000611,cust_000626,prod_4,active,79.00,usd,2024-04-02 00:00:00,
sub_0000612,cust_000570,prod_4,cancelled,79.00,usd,2024-04-01 00:00:00,2026-01-20 00:00:00
sub_0000613,cust_000627,prod_4,active,79.00,usd,2024-04-06 00:00:00,
sub_0000614,cust_000323,prod_4,active,79.00,usd,2024-04-05 00:00:00,
sub_0000615,cust_000628,prod_4,active,79.00,usd,2024-04-05 00:00:00,
sub_0000616,cust_000089,prod_4,active,79.00,usd,2024-04-04 00:00:00,
sub_0000617,cust_000629,prod_4,active,79.00,usd,2024-04-03 00:00:00,
sub_0000618,cust_000630,prod_4,active,79.00,usd,2024-04-02 00:00:00,
sub_0000619,cust_000631,prod_4,active,79.00,usd,2024-04-06 00:00:00,
sub_0000620,cust_000632,prod_4,active,79.00,usd,2024-04-01 00:00:00,
sub_0000621,cust_000633,prod_2,active,99.00,aud,2024-04-02 00:00:00,
sub_0000622,cust_000634,prod_2,active,99.00,aud,2024-04-05 00:00:00,
sub_0000623,cust_000635,prod_4,active,79.00,usd,2024-04-01 00:00:00,
sub_0000624,cust_000636,prod_2,active,99.00,aud,2024-04-02 00:00:00,
sub_0000625,cust_000637,prod_4,active,79.00,usd,2024-04-01 00:00:00,
sub_0000626,cust_000638,prod_4,active,79.00,usd,2024-04-05 00:00:00,
sub_0000627,cust_000639,prod_2,active,99.00,aud,2024-04-04 00:00:00,
sub_0000628,cust_000640,prod_4,active,79.00,usd,2024-04-02 00:00:00,
sub_0000629,cust_000132,prod_2,active,99.00,aud,2024-04-03 00:00:00,
sub_0000630,cust_000641,prod_2,cancelled,99.00,aud,2024-04-05 00:00:00,2024-06-03 00:00:00
sub_0000631,cust_000642,prod_4,active,79.00,usd,2024-04-02 00:00:00,
sub_0000632,cust_000643,prod_4,active,79.00,usd,2024-04-04 00:00:00,
sub_0000633,cust_000644,prod_4,cancelled,79.00,usd,2024-04-04 00:00:00,2025-01-03 00:00:00
sub_0000634,cust_000645,prod_4,active,79.00,usd,2024-04-05 00:00:00,
sub_0000635,cust_000646,prod_4,cancelled,79.00,usd,2024-04-01 00:00:00,2025-01-02 00:00:00
sub_0000636,cust_000647,prod_4,cancelled,79.00,usd,2024-04-04 00:00:00,2024-06-03 00:00:00
sub_0000637,cust_000648,prod_4,active,79.00,usd,2024-04-01 00:00:00,
sub_0000638,cust_000649,prod_4,active,79.00,usd,2024-04-05 00:00:00,
sub_0000639,cust_000650,prod_4,active,79.00,usd,2024-04-05 00:00:00,
sub_0000640,cust_000651,prod_1,cancelled,49.00,aud,2024-04-02 00:00:00,2024-06-04 00:00:00
sub_0000641,cust_000652,prod_4,active,79.00,usd,2024-04-05 00:00:00,
sub_0000642,cust_000655,prod_4,active,79.00,usd,2024-05-02 00:00:00,
sub_0000643,cust_000656,prod_4,active,79.00,usd,2024-05-04 00:00:00,
sub_0000644,cust_000657,prod_4,active,79.00,usd,2024-05-01 00:00:00,
sub_0000645,cust_000658,prod_4,active,79.00,usd,2024-05-01 00:00:00,
sub_0000646,cust_000659,prod_4,active,79.00,usd,2024-05-03 00:00:00,
sub_0000647,cust_000660,prod_4,active,79.00,usd,2024-05-05 00:00:00,
sub_0000648,cust_000661,prod_4,active,79.00,usd,2024-05-05 00:00:00,
sub_0000649,cust_000662,prod_4,active,79.00,usd,2024-05-04 00:00:00,
sub_0000650,cust_000663,prod_4,active,79.00,usd,2024-05-03 00:00:00,
sub_0000651,cust_000664,prod_2,active,99.00,aud,2024-05-06 00:00:00,
sub_0000652,cust_000034,prod_2,cancelled,99.00,aud,2024-05-04 00:00:00,2026-01-20 00:00:00
sub_0000653,cust_000665,prod_4,cancelled,79.00,usd,2024-05-05 00:00:00,2024-06-03 00:00:00
sub_0000654,cust_000151,prod_2,cancelled,99.00,aud,2024-05-04 00:00:00,2026-01-20 00:00:00
sub_0000655,cust_000666,prod_2,active,99.00,aud,2024-05-02 00:00:00,
sub_0000656,cust_000667,prod_4,cancelled,79.00,usd,2024-05-01 00:00:00,2025-01-01 00:00:00
sub_0000657,cust_000668,prod_2,active,99.00,aud,2024-05-01 00:00:00,
sub_0000658,cust_000669,prod_4,active,79.00,usd,2024-05-03 00:00:00,
sub_0000659,cust_000670,prod_2,active,99.00,aud,2024-05-01 00:00:00,
sub_0000660,cust_000671,prod_3,cancelled,39.00,usd,2024-05-03 00:00:00,2025-03-04 00:00:00
sub_0000661,cust_000672,prod_2,cancelled,99.00,aud,2024-05-04 00:00:00,2024-06-01 00:00:00
sub_0000662,cust_000673,prod_4,active,79.00,usd,2024-05-05 00:00:00,
sub_0000663,cust_000674,prod_2,active,99.00,aud,2024-05-05 00:00:00,
sub_0000664,cust_000675,prod_4,active,79.00,usd,2024-05-03 00:00:00,
sub_0000665,cust_000676,prod_4,active,79.00,usd,2024-05-03 00:00:00,
sub_0000666,cust_000477,prod_2,cancelled,99.00,aud,2024-05-02 00:00:00,2026-01-20 00:00:00
sub_0000667,cust_000677,prod_4,cancelled,79.00,usd,2024-05-01 00:00:00,2024-09-04 00:00:00
sub_0000668,cust_000678,prod_2,active,99.00,aud,2024-05-03 00:00:00,
sub_0000669,cust_000227,prod_2,cancelled,99.00,aud,2024-05-03 00:00:00,2026-01-20 00:00:00
sub_0000670,cust_000679,prod_4,active,79.00,usd,2024-05-02 00:00:00,
sub_0000671,cust_000680,prod_2,active,99.00,aud,2024-05-02 00:00:00,
sub_0000672,cust_000684,prod_4,active,79.00,usd,2024-06-01 00:00:00,
sub_0000673,cust_000685,prod_4,cancelled,79.00,usd,2024-06-04 00:00:00,2025-09-01 00:00:00
sub_0000674,cust_000686,prod_2,active,99.00,aud,2024-06-02 00:00:00,
sub_0000675,cust_000613,prod_2,active,99.00,aud,2024-06-06 00:00:00,
sub_0000676,cust_000610,prod_2,cancelled,99.00,aud,2024-06-03 00:00:00,2024-10-03 00:00:00
sub_0000677,cust_000687,prod_2,active,99.00,aud,2024-06-03 00:00:00,
sub_0000678,cust_000688,prod_2,active,99.00,aud,2024-06-05 00:00:00,
sub_0000679,cust_000689,prod_4,active,79.00,usd,2024-06-06 00:00:00,
sub_0000680,cust_000690,prod_2,active,99.00,aud,2024-06-02 00:00:00,
sub_0000681,cust_000691,prod_2,active,99.00,aud,2024-06-01 00:00:00,
sub_0000682,cust_000329,prod_4,active,79.00,usd,2024-06-03 00:00:00,
sub_0000683,cust_000692,prod_2,active,99.00,aud,2024-06-04 00:00:00,
sub_0000684,cust_000693,prod_2,active,99.00,aud,2024-06-04 00:00:00,
sub_0000685,cust_000694,prod_4,active,79.00,usd,2024-06-06 00:00:00,
sub_0000686,cust_000695,prod_4,active,79.00,usd,2024-06-04 00:00:00,
sub_0000687,cust_000696,prod_2,active,99.00,aud,2024-06-05 00:00:00,
sub_0000688,cust_000697,prod_2,active,99.00,aud,2024-06-03 00:00:00,
sub_0000689,cust_000698,prod_4,active,79.00,usd,2024-06-06 00:00:00,
sub_0000690,cust_000699,prod_4,active,79.00,usd,2024-06-05 00:00:00,
sub_0000691,cust_000700,prod_4,active,79.00,usd,2024-06-04 00:00:00,
sub_0000692,cust_000701,prod_4,active,79.00,usd,2024-06-05 00:00:00,
sub_0000693,cust_000702,prod_2,active,99.00,aud,2024-06-03 00:00:00,
sub_0000694,cust_000703,prod_3,cancelled,39.00,usd,2024-06-02 00:00:00,2024-09-01 00:00:00
sub_0000695,cust_000704,prod_4,active,79.00,usd,2024-06-04 00:00:00,
sub_0000696,cust_000705,prod_1,cancelled,49.00,aud,2024-06-05 00:00:00,2025-11-01 00:00:00
sub_0000697,cust_000706,prod_4,cancelled,79.00,usd,2024-06-06 00:00:00,2025-12-01 00:00:00
sub_0000698,cust_000707,prod_4,active,79.00,usd,2024-06-06 00:00:00,
sub_0000699,cust_000708,prod_4,active,79.00,usd,2024-06-06 00:00:00,
sub_0000700,cust_000709,prod_4,active,79.00,usd,2024-06-03 00:00:00,
sub_0000701,cust_000106,prod_4,active,79.00,usd,2024-06-03 00:00:00,
sub_0000702,cust_000710,prod_4,active,79.00,usd,2024-06-05 00:00:00,
sub_0000703,cust_000714,prod_7,active,8400.00,aud,2024-07-06 00:00:00,
sub_0000704,cust_000249,prod_4,active,79.00,usd,2024-07-03 00:00:00,
sub_0000705,cust_000715,prod_2,active,99.00,aud,2024-07-02 00:00:00,
sub_0000706,cust_000716,prod_4,cancelled,79.00,usd,2024-07-04 00:00:00,2024-08-03 00:00:00
sub_0000707,cust_000717,prod_4,active,79.00,usd,2024-07-02 00:00:00,
sub_0000708,cust_000718,prod_4,cancelled,79.00,usd,2024-07-03 00:00:00,2025-06-04 00:00:00
sub_0000709,cust_000719,prod_2,cancelled,99.00,aud,2024-07-02 00:00:00,2026-01-01 00:00:00
sub_0000710,cust_000720,prod_2,cancelled,99.00,aud,2024-07-05 00:00:00,2024-08-03 00:00:00
sub_0000711,cust_000721,prod_4,active,79.00,usd,2024-07-04 00:00:00,
sub_0000712,cust_000722,prod_4,active,79.00,usd,2024-07-05 00:00:00,
sub_0000713,cust_000723,prod_4,active,79.00,usd,2024-07-04 00:00:00,
sub_0000714,cust_000724,prod_2,active,99.00,aud,2024-07-04 00:00:00,
sub_0000715,cust_000725,prod_4,active,79.00,usd,2024-07-05 00:00:00,
sub_0000716,cust_000726,prod_4,cancelled,79.00,usd,2024-07-02 00:00:00,2024-09-04 00:00:00
sub_0000717,cust_000727,prod_4,active,79.00,usd,2024-07-06 00:00:00,
sub_0000718,cust_000728,prod_2,active,99.00,aud,2024-07-03 00:00:00,
sub_0000719,cust_000223,prod_2,active,99.00,aud,2024-07-01 00:00:00,
sub_0000720,cust_000729,prod_4,cancelled,79.00,usd,2024-07-01 00:00:00,2025-10-03 00:00:00
sub_0000721,cust_000536,prod_1,cancelled,49.00,aud,2024-07-06 00:00:00,2025-11-02 00:00:00
sub_0000722,cust_000730,prod_4,active,79.00,usd,2024-07-05 00:00:00,
sub_0000723,cust_000731,prod_3,cancelled,39.00,usd,2024-07-01 00:00:00,2025-09-03 00:00:00
sub_0000724,cust_000732,prod_1,cancelled,49.00,aud,2024-07-06 00:00:00,2025-06-04 00:00:00
sub_0000725,cust_000382,prod_4,active,79.00,usd,2024-07-01 00:00:00,
sub_0000726,cust_000733,prod_4,active,79.00,usd,2024-07-06 00:00:00,
sub_0000727,cust_000734,prod_4,active,79.00,usd,2024-07-02 00:00:00,
sub_0000728,cust_000735,prod_4,active,79.00,usd,2024-07-04 00:00:00,
sub_0000729,cust_000736,prod_4,active,79.00,usd,2024-07-05 00:00:00,
sub_0000730,cust_000737,prod_3,cancelled,39.00,usd,2024-07-05 00:00:00,2025-04-02 00:00:00
sub_0000731,cust_000738,prod_2,active,99.00,aud,2024-07-03 00:00:00,
sub_0000732,cust_000739,prod_2,active,99.00,aud,2024-07-03 00:00:00,
sub_0000733,cust_000740,prod_4,active,79.00,usd,2024-07-05 00:00:00,
sub_0000734,cust_000292,prod_2,active,99.00,aud,2024-07-03 00:00:00,
sub_0000735,cust_000337,prod_4,cancelled,79.00,usd,2024-07-03 00:00:00,2025-12-03 00:00:00
sub_0000736,cust_000094,prod_4,active,79.00,usd,2024-07-03 00:00:00,
sub_0000737,cust_000741,prod_5,active,1156.92,aud,2024-08-06 00:00:00,
sub_0000738,cust_000747,prod_4,active,79.00,usd,2024-08-03 00:00:00,
sub_0000739,cust_000261,prod_4,cancelled,79.00,usd,2024-08-06 00:00:00,2026-01-20 00:00:00
sub_0000740,cust_000748,prod_2,active,99.00,aud,2024-08-05 00:00:00,
sub_0000741,cust_000749,prod_4,active,79.00,usd,2024-08-03 00:00:00,
sub_0000742,cust_000750,prod_4,cancelled,79.00,usd,2024-08-04 00:00:00,2024-11-01 00:00:00
sub_0000743,cust_000751,prod_4,active,79.00,usd,2024-08-02 00:00:00,
sub_0000744,cust_000752,prod_4,active,79.00,usd,2024-08-02 00:00:00,
sub_0000745,cust_000753,prod_4,active,79.00,usd,2024-08-01 00:00:00,
sub_0000746,cust_000754,prod_4,active,79.00,usd,2024-08-06 00:00:00,
sub_0000747,cust_000755,prod_4,active,79.00,usd,2024-08-05 00:00:00,
sub_0000748,cust_000756,prod_2,active,99.00,aud,2024-08-02 00:00:00,
sub_0000749,cust_000757,prod_2,active,99.00,aud,2024-08-02 00:00:00,
sub_0000750,cust_000186,prod_4,cancelled,79.00,usd,2024-08-05 00:00:00,2024-09-01 00:00:00
sub_0000751,cust_000758,prod_4,cancelled,79.00,usd,2024-08-06 00:00:00,2025-01-02 00:00:00
sub_0000752,cust_000759,prod_4,active,79.00,usd,2024-08-06 00:00:00,
sub_0000753,cust_000760,prod_4,active,79.00,usd,2024-08-04 00:00:00,
sub_0000754,cust_000761,prod_3,cancelled,39.00,usd,2024-08-05 00:00:00,2024-12-02 00:00:00
sub_0000755,cust_000762,prod_4,active,79.00,usd,2024-08-04 00:00:00,
sub_0000756,cust_000763,prod_4,active,79.00,usd,2024-08-02 00:00:00,
sub_0000757,cust_000764,prod_4,active,79.00,usd,2024-08-04 00:00:00,
sub_0000758,cust_000765,prod_2,cancelled,99.00,aud,2024-08-03 00:00:00,2026-01-04 00:00:00
sub_0000759,cust_000766,prod_2,cancelled,99.00,aud,2024-08-06 00:00:00,2025-12-02 00:00:00
sub_0000760,cust_000767,prod_2,cancelled,99.00,aud,2024-08-04 00:00:00,2024-11-01 00:00:00
sub_0000761,cust_000768,prod_2,active,99.00,aud,2024-08-06 00:00:00,
sub_0000762,cust_000769,prod_4,active,79.00,usd,2024-08-06 00:00:00,
sub_0000763,cust_000770,prod_4,active,79.00,usd,2024-08-05 00:00:00,
sub_0000764,cust_000771,prod_2,active,99.00,aud,2024-08-02 00:00:00,
sub_0000765,cust_000772,prod_2,active,99.00,aud,2024-08-06 00:00:00,
sub_0000766,cust_000773,prod_4,active,79.00,usd,2024-08-05 00:00:00,
sub_0000767,cust_000774,prod_4,active,79.00,usd,2024-08-06 00:00:00,
sub_0000768,cust_000218,prod_4,active,79.00,usd,2024-08-04 00:00:00,
sub_0000769,cust_000775,prod_4,active,79.00,usd,2024-08-04 00:00:00,
sub_0000770,cust_000776,prod_4,active,79.00,usd,2024-08-01 00:00:00,
sub_0000771,cust_000783,prod_4,active,79.00,usd,2024-09-02 00:00:00,
sub_0000772,cust_000784,prod_2,active,99.00,aud,2024-09-02 00:00:00,
sub_0000773,cust_000785,prod_4,cancelled,79.00,usd,2024-09-06 00:00:00,2024-12-02 00:00:00
sub_0000774,cust_000786,prod_4,active,79.00,usd,2024-09-02 00:00:00,
sub_0000775,cust_000228,prod_4,cancelled,79.00,usd,2024-09-04 00:00:00,2026-01-20 00:00:00
sub_0000776,cust_000787,prod_2,active,99.00,aud,2024-09-05 00:00:00,
sub_0000777,cust_000788,prod_4,active,79.00,usd,2024-09-02 00:00:00,
sub_0000778,cust_000789,prod_2,active,99.00,aud,2024-09-02 00:00:00,
sub_0000779,cust_000022,prod_4,active,79.00,usd,2024-09-01 00:00:00,
sub_0000780,cust_000790,prod_2,active,99.00,aud,2024-09-04 00:00:00,
sub_0000781,cust_000791,prod_4,active,79.00,usd,2024-09-05 00:00:00,
sub_0000782,cust_000792,prod_2,active,99.00,aud,2024-09-03 00:00:00,
sub_0000783,cust_000793,prod_4,active,79.00,usd,2024-09-01 00:00:00,
sub_0000784,cust_000794,prod_4,cancelled,79.00,usd,2024-09-04 00:00:00,2025-06-04 00:00:00
sub_0000785,cust_000795,prod_4,active,79.00,usd,2024-09-06 00:00:00,
sub_0000786,cust_000796,prod_2,active,99.00,aud,2024-09-06 00:00:00,
sub_0000787,cust_000797,prod_4,cancelled,79.00,usd,2024-09-05 00:00:00,2025-10-03 00:00:00
sub_0000788,cust_000798,prod_4,active,79.00,usd,2024-09-04 00:00:00,
sub_0000789,cust_000799,prod_2,active,99.00,aud,2024-09-01 00:00:00,
sub_0000790,cust_000510,prod_4,active,79.00,usd,2024-09-01 00:00:00,
sub_0000791,cust_000800,prod_4,cancelled,79.00,usd,2024-09-03 00:00:00,2025-11-02 00:00:00
sub_0000792,cust_000801,prod_2,active,99.00,aud,2024-09-03 00:00:00,
sub_0000793,cust_000802,prod_4,cancelled,79.00,usd,2024-09-01 00:00:00,2024-10-02 00:00:00
sub_0000794,cust_000803,prod_2,active,99.00,aud,2024-09-02 00:00:00,
sub_0000795,cust_000804,prod_2,active,99.00,aud,2024-09-06 00:00:00,
sub_0000796,cust_000805,prod_2,active,99.00,aud,2024-09-04 00:00:00,
sub_0000797,cust_000451,prod_4,cancelled,79.00,usd,2024-10-03 00:00:00,2024-11-03 00:00:00
sub_0000798,cust_000812,prod_4,active,79.00,usd,2024-10-03 00:00:00,
sub_0000799,cust_000813,prod_4,active,79.00,usd,2024-10-01 00:00:00,
sub_0000800,cust_000814,prod_4,active,79.00,usd,2024-10-03 00:00:00,
sub_0000801,cust_000815,prod_4,active,79.00,usd,2024-10-03 00:00:00,
sub_0000802,cust_000816,prod_2,active,99.00,aud,2024-10-06 00:00:00,
sub_0000803,cust_000539,prod_4,active,79.00,usd,2024-10-04 00:00:00,
sub_0000804,cust_000817,prod_4,active,79.00,usd,2024-10-03 00:00:00,
sub_0000805,cust_000818,prod_4,active,79.00,usd,2024-10-04 00:00:00,
sub_0000806,cust_000819,prod_4,active,79.00,usd,2024-10-06 00:00:00,
sub_0000807,cust_000820,prod_2,cancelled,99.00,aud,2024-10-05 00:00:00,2024-11-01 00:00:00
sub_0000808,cust_000821,prod_4,cancelled,79.00,usd,2024-10-03 00:00:00,2025-01-01 00:00:00
sub_0000809,cust_000822,prod_4,active,79.00,usd,2024-10-02 00:00:00,
sub_0000810,cust_000823,prod_4,active,79.00,usd,2024-10-06 00:00:00,
sub_0000811,cust_000824,prod_4,active,79.00,usd,2024-10-04 00:00:00,
sub_0000812,cust_000825,prod_2,active,99.00,aud,2024-10-04 00:00:00,
sub_0000813,cust_000031,prod_2,cancelled,99.00,aud,2024-10-05 00:00:00,2026-01-20 00:00:00
sub_0000814,cust_000826,prod_4,active,79.00,usd,2024-10-02 00:00:00,
sub_0000815,cust_000827,prod_4,active,79.00,usd,2024-10-01 00:00:00,
sub_0000816,cust_000828,prod_2,active,99.00,aud,2024-10-04 00:00:00,
sub_0000817,cust_000140,prod_2,active,99.00,aud,2024-10-05 00:00:00,
sub_0000818,cust_000829,prod_2,active,99.00,aud,2024-10-02 00:00:00,
sub_0000819,cust_000830,prod_2,active,99.00,aud,2024-10-06 00:00:00,
sub_0000820,cust_000831,prod_2,active,99.00,aud,2024-10-02 00:00:00,
sub_0000821,cust_000832,prod_4,active,79.00,usd,2024-10-04 00:00:00,
sub_0000822,cust_000833,prod_4,active,79.00,usd,2024-10-05 00:00:00,
sub_0000823,cust_000834,prod_4,active,79.00,usd,2024-10-01 00:00:00,
sub_0000824,cust_000595,prod_4,active,79.00,usd,2024-10-03 00:00:00,
sub_0000825,cust_000835,prod_4,active,79.00,usd,2024-10-06 00:00:00,
sub_0000826,cust_000836,prod_4,active,79.00,usd,2024-10-02 00:00:00,
sub_0000827,cust_000837,prod_2,cancelled,99.00,aud,2024-10-06 00:00:00,2025-08-01 00:00:00
sub_0000828,cust_000838,prod_4,active,79.00,usd,2024-10-04 00:00:00,
sub_0000829,cust_000839,prod_2,cancelled,99.00,aud,2024-10-04 00:00:00,2025-09-01 00:00:00
sub_0000830,cust_000840,prod_2,active,99.00,aud,2024-10-04 00:00:00,
sub_0000831,cust_000841,prod_4,active,79.00,usd,2024-10-04 00:00:00,
sub_0000832,cust_000842,prod_4,active,79.00,usd,2024-10-05 00:00:00,
sub_0000833,cust_000843,prod_2,active,99.00,aud,2024-10-01 00:00:00,
sub_0000834,cust_000850,prod_4,cancelled,79.00,usd,2024-11-04 00:00:00,2025-04-01 00:00:00
sub_0000835,cust_000851,prod_2,active,99.00,aud,2024-11-06 00:00:00,
sub_0000836,cust_000852,prod_4,active,79.00,usd,2024-11-04 00:00:00,
sub_0000837,cust_000853,prod_2,active,99.00,aud,2024-11-06 00:00:00,
sub_0000838,cust_000854,prod_4,active,79.00,usd,2024-11-04 00:00:00,
sub_0000839,cust_000855,prod_4,active,79.00,usd,2024-11-05 00:00:00,
sub_0000840,cust_000856,prod_2,cancelled,99.00,aud,2024-11-03 00:00:00,2025-08-01 00:00:00
sub_0000841,cust_000857,prod_4,active,79.00,usd,2024-11-06 00:00:00,
sub_0000842,cust_000858,prod_2,active,99.00,aud,2024-11-02 00:00:00,
sub_0000843,cust_000859,prod_4,active,79.00,usd,2024-11-01 00:00:00,
sub_0000844,cust_000860,prod_4,active,79.00,usd,2024-11-01 00:00:00,
sub_0000845,cust_000243,prod_2,cancelled,99.00,aud,2024-11-05 00:00:00,2025-07-01 00:00:00
sub_0000846,cust_000861,prod_4,active,79.00,usd,2024-11-01 00:00:00,
sub_0000847,cust_000214,prod_4,active,79.00,usd,2024-11-06 00:00:00,
sub_0000848,cust_000862,prod_4,active,79.00,usd,2024-11-04 00:00:00,
sub_0000849,cust_000863,prod_4,cancelled,79.00,usd,2024-11-06 00:00:00,2026-01-01 00:00:00
sub_0000850,cust_000864,prod_2,active,99.00,aud,2024-11-01 00:00:00,
sub_0000851,cust_000865,prod_4,active,79.00,usd,2024-11-01 00:00:00,
sub_0000852,cust_000866,prod_4,active,79.00,usd,2024-11-01 00:00:00,
sub_0000853,cust_000867,prod_4,active,79.00,usd,2024-11-06 00:00:00,
sub_0000854,cust_000868,prod_4,cancelled,79.00,usd,2024-11-01 00:00:00,2026-01-01 00:00:00
sub_0000855,cust_000869,prod_4,cancelled,79.00,usd,2024-11-03 00:00:00,2025-07-01 00:00:00
sub_0000856,cust_000870,prod_4,active,79.00,usd,2024-11-04 00:00:00,
sub_0000857,cust_000871,prod_4,active,79.00,usd,2024-11-01 00:00:00,
sub_0000858,cust_000872,prod_4,active,79.00,usd,2024-11-03 00:00:00,
sub_0000859,cust_000873,prod_4,active,79.00,usd,2024-11-03 00:00:00,
sub_0000860,cust_000421,prod_4,active,79.00,usd,2024-11-03 00:00:00,
sub_0000861,cust_000874,prod_4,active,79.00,usd,2024-11-04 00:00:00,
sub_0000862,cust_000875,prod_4,active,79.00,usd,2024-11-04 00:00:00,
sub_0000863,cust_000876,prod_2,active,99.00,aud,2024-11-04 00:00:00,
sub_0000864,cust_000451,prod_2,active,99.00,aud,2024-11-04 00:00:00,
sub_0000865,cust_000877,prod_4,active,79.00,usd,2024-11-03 00:00:00,
sub_0000866,cust_000878,prod_4,active,79.00,usd,2024-11-06 00:00:00,
sub_0000867,cust_000879,prod_2,active,99.00,aud,2024-11-01 00:00:00,
sub_0000868,cust_000884,prod_6,active,986.11,usd,2024-12-06 00:00:00,
sub_0000869,cust_000885,prod_2,active,99.00,aud,2024-12-02 00:00:00,
sub_0000870,cust_000886,prod_4,active,79.00,usd,2024-12-04 00:00:00,
sub_0000871,cust_000887,prod_2,active,99.00,aud,2024-12-02 00:00:00,
sub_0000872,cust_000888,prod_2,active,99.00,aud,2024-12-05 00:00:00,
sub_0000873,cust_000889,prod_4,active,79.00,usd,2024-12-02 00:00:00,
sub_0000874,cust_000890,prod_2,active,99.00,aud,2024-12-05 00:00:00,
sub_0000875,cust_000891,prod_4,active,79.00,usd,2024-12-02 00:00:00,
sub_0000876,cust_000417,prod_4,active,79.00,usd,2024-12-04 00:00:00,
sub_0000877,cust_000892,prod_4,cancelled,79.00,usd,2024-12-04 00:00:00,2025-08-01 00:00:00
sub_0000878,cust_000893,prod_4,cancelled,79.00,usd,2024-12-05 00:00:00,2025-03-01 00:00:00
sub_0000879,cust_000894,prod_4,active,79.00,usd,2024-12-02 00:00:00,
sub_0000880,cust_000895,prod_4,active,79.00,usd,2024-12-03 00:00:00,
sub_0000881,cust_000896,prod_4,active,79.00,usd,2024-12-02 00:00:00,
sub_0000882,cust_000897,prod_2,active,99.00,aud,2024-12-04 00:00:00,
sub_0000883,cust_000898,prod_4,active,79.00,usd,2024-12-04 00:00:00,
sub_0000884,cust_000899,prod_2,cancelled,99.00,aud,2024-12-06 00:00:00,2025-02-03 00:00:00
sub_0000885,cust_000900,prod_4,active,79.00,usd,2024-12-02 00:00:00,
sub_0000886,cust_000901,prod_4,active,79.00,usd,2024-12-06 00:00:00,
sub_0000887,cust_000902,prod_4,active,79.00,usd,2024-12-05 00:00:00,
sub_0000888,cust_000903,prod_2,active,99.00,aud,2024-12-06 00:00:00,
sub_0000889,cust_000904,prod_4,active,79.00,usd,2024-12-05 00:00:00,
sub_0000890,cust_000905,prod_2,active,99.00,aud,2024-12-04 00:00:00,
sub_0000891,cust_000906,prod_2,active,99.00,aud,2024-12-06 00:00:00,
sub_0000892,cust_000907,prod_4,active,79.00,usd,2024-12-06 00:00:00,
sub_0000893,cust_000908,prod_2,active,99.00,aud,2024-12-01 00:00:00,
sub_0000894,cust_000165,prod_4,active,79.00,usd,2024-12-04 00:00:00,
sub_0000895,cust_000909,prod_2,cancelled,99.00,aud,2024-12-06 00:00:00,2026-01-02 00:00:00
sub_0000896,cust_000910,prod_2,cancelled,99.00,aud,2024-12-01 00:00:00,2026-01-03 00:00:00
sub_0000897,cust_000911,prod_4,cancelled,79.00,usd,2024-12-04 00:00:00,2025-03-04 00:00:00
sub_0000898,cust_000912,prod_4,active,79.00,usd,2024-12-06 00:00:00,
sub_0000899,cust_000570,prod_2,active,99.00,aud,2024-12-01 00:00:00,
sub_0000900,cust_000913,prod_5,active,1891.26,aud,2025-01-03 00:00:00,
sub_0000901,cust_000917,prod_2,active,99.00,aud,2025-01-01 00:00:00,
sub_0000902,cust_000543,prod_4,active,79.00,usd,2025-01-05 00:00:00,
sub_0000903,cust_000918,prod_4,cancelled,79.00,usd,2025-01-06 00:00:00,2026-01-02 00:00:00
sub_0000904,cust_000919,prod_4,active,79.00,usd,2025-01-03 00:00:00,
sub_0000905,cust_000920,prod_4,active,79.00,usd,2025-01-01 00:00:00,
sub_0000906,cust_000921,prod_4,active,79.00,usd,2025-01-03 00:00:00,
sub_0000907,cust_000922,prod_4,active,79.00,usd,2025-01-01 00:00:00,
sub_0000908,cust_000477,prod_4,active,79.00,usd,2025-01-04 00:00:00,
sub_0000909,cust_000923,prod_2,active,99.00,aud,2025-01-03 00:00:00,
sub_0000910,cust_000924,prod_4,active,79.00,usd,2025-01-01 00:00:00,
sub_0000911,cust_000925,prod_2,active,99.00,aud,2025-01-06 00:00:00,
sub_0000912,cust_000926,prod_4,active,79.00,usd,2025-01-03 00:00:00,
sub_0000913,cust_000927,prod_4,active,79.00,usd,2025-01-06 00:00:00,
sub_0000914,cust_000928,prod_3,cancelled,39.00,usd,2025-01-02 00:00:00,2026-01-02 00:00:00
sub_0000915,cust_000929,prod_4,active,79.00,usd,2025-01-04 00:00:00,
sub_0000916,cust_000930,prod_4,active,79.00,usd,2025-01-02 00:00:00,
sub_0000917,cust_000931,prod_2,active,99.00,aud,2025-01-04 00:00:00,
sub_0000918,cust_000932,prod_4,active,79.00,usd,2025-01-05 00:00:00,
sub_0000919,cust_000933,prod_4,active,79.00,usd,2025-01-04 00:00:00,
sub_0000920,cust_000934,prod_4,active,79.00,usd,2025-01-04 00:00:00,
sub_0000921,cust_000935,prod_4,active,79.00,usd,2025-01-03 00:00:00,
sub_0000922,cust_000936,prod_4,active,79.00,usd,2025-01-05 00:00:00,
sub_0000923,cust_000937,prod_4,active,79.00,usd,2025-01-01 00:00:00,
sub_0000924,cust_000938,prod_4,active,79.00,usd,2025-01-03 00:00:00,
sub_0000925,cust_000939,prod_2,active,99.00,aud,2025-01-04 00:00:00,
sub_0000926,cust_000940,prod_4,active,79.00,usd,2025-01-05 00:00:00,
sub_0000927,cust_000941,prod_4,active,79.00,usd,2025-01-06 00:00:00,
sub_0000928,cust_000942,prod_2,active,99.00,aud,2025-01-04 00:00:00,
sub_0000929,cust_000943,prod_2,active,99.00,aud,2025-01-01 00:00:00,
sub_0000930,cust_000944,prod_4,active,79.00,usd,2025-01-06 00:00:00,
sub_0000931,cust_000945,prod_4,active,79.00,usd,2025-01-01 00:00:00,
sub_0000932,cust_000950,prod_2,active,99.00,aud,2025-02-04 00:00:00,
sub_0000933,cust_000951,prod_4,active,79.00,usd,2025-02-05 00:00:00,
sub_0000934,cust_000952,prod_4,active,79.00,usd,2025-02-01 00:00:00,
sub_0000935,cust_000953,prod_2,active,99.00,aud,2025-02-02 00:00:00,
sub_0000936,cust_000954,prod_2,active,99.00,aud,2025-02-04 00:00:00,
sub_0000937,cust_000955,prod_4,active,79.00,usd,2025-02-04 00:00:00,
sub_0000938,cust_000228,prod_4,active,79.00,usd,2025-02-03 00:00:00,
sub_0000939,cust_000956,prod_2,active,99.00,aud,2025-02-02 00:00:00,
sub_0000940,cust_000957,prod_4,active,79.00,usd,2025-02-03 00:00:00,
sub_0000941,cust_000958,prod_2,cancelled,99.00,aud,2025-02-01 00:00:00,2025-09-04 00:00:00
sub_0000942,cust_000343,prod_2,active,99.00,aud,2025-02-05 00:00:00,
sub_0000943,cust_000959,prod_4,active,79.00,usd,2025-02-06 00:00:00,
sub_0000944,cust_000482,prod_1,cancelled,49.00,aud,2025-02-06 00:00:00,2025-07-04 00:00:00
sub_0000945,cust_000960,prod_4,active,79.00,usd,2025-02-03 00:00:00,
sub_0000946,cust_000961,prod_4,active,79.00,usd,2025-02-03 00:00:00,
sub_0000947,cust_000962,prod_4,active,79.00,usd,2025-02-05 00:00:00,
sub_0000948,cust_000963,prod_4,active,79.00,usd,2025-02-05 00:00:00,
sub_0000949,cust_000964,prod_4,active,79.00,usd,2025-02-04 00:00:00,
sub_0000950,cust_000965,prod_4,active,79.00,usd,2025-02-06 00:00:00,
sub_0000951,cust_000966,prod_4,active,79.00,usd,2025-02-04 00:00:00,
sub_0000952,cust_000967,prod_2,active,99.00,aud,2025-02-02 00:00:00,
sub_0000953,cust_000968,prod_2,active,99.00,aud,2025-02-06 00:00:00,
sub_0000954,cust_000969,prod_4,active,79.00,usd,2025-02-06 00:00:00,
sub_0000955,cust_000970,prod_4,active,79.00,usd,2025-02-05 00:00:00,
sub_0000956,cust_000971,prod_4,active,79.00,usd,2025-02-02 00:00:00,
sub_0000957,cust_000972,prod_4,active,79.00,usd,2025-02-04 00:00:00,
sub_0000958,cust_000973,prod_4,active,79.00,usd,2025-02-05 00:00:00,
sub_0000959,cust_000974,prod_4,active,79.00,usd,2025-02-04 00:00:00,
sub_0000960,cust_000975,prod_4,active,79.00,usd,2025-02-05 00:00:00,
sub_0000961,cust_000976,prod_4,active,79.00,usd,2025-02-03 00:00:00,
sub_0000962,cust_000977,prod_4,active,79.00,usd,2025-02-03 00:00:00,
sub_0000963,cust_000978,prod_2,active,99.00,aud,2025-02-04 00:00:00,
sub_0000964,cust_000979,prod_2,active,99.00,aud,2025-02-05 00:00:00,
sub_0000965,cust_000980,prod_4,active,79.00,usd,2025-02-04 00:00:00,
sub_0000966,cust_000981,prod_4,active,79.00,usd,2025-02-01 00:00:00,
sub_0000967,cust_000982,prod_4,cancelled,79.00,usd,2025-02-06 00:00:00,2025-09-03 00:00:00
sub_0000968,cust_000983,prod_4,active,79.00,usd,2025-02-06 00:00:00,
sub_0000969,cust_000984,prod_2,active,99.00,aud,2025-02-01 00:00:00,
sub_0000970,cust_000985,prod_4,active,79.00,usd,2025-02-04 00:00:00,
sub_0000971,cust_000986,prod_2,active,99.00,aud,2025-02-04 00:00:00,
sub_0000972,cust_000993,prod_4,active,79.00,usd,2025-03-05 00:00:00,
sub_0000973,cust_000994,prod_4,active,79.00,usd,2025-03-03 00:00:00,
sub_0000974,cust_000995,prod_4,active,79.00,usd,2025-03-04 00:00:00,
sub_0000975,cust_000996,prod_4,active,79.00,usd,2025-03-03 00:00:00,
sub_0000976,cust_000997,prod_4,active,79.00,usd,2025-03-02 00:00:00,
sub_0000977,cust_000151,prod_2,active,99.00,aud,2025-03-03 00:00:00,
sub_0000978,cust_000998,prod_4,cancelled,79.00,usd,2025-03-03 00:00:00,2025-12-03 00:00:00
sub_0000979,cust_000999,prod_4,active,79.00,usd,2025-03-01 00:00:00,
sub_0000980,cust_001000,prod_2,active,99.00,aud,2025-03-03 00:00:00,
sub_0000981,cust_001001,prod_4,active,79.00,usd,2025-03-06 00:00:00,
sub_0000982,cust_001002,prod_3,cancelled,39.00,usd,2025-03-05 00:00:00,2025-08-03 00:00:00
sub_0000983,cust_001003,prod_2,active,99.00,aud,2025-03-02 00:00:00,
sub_0000984,cust_001004,prod_4,active,79.00,usd,2025-03-06 00:00:00,
sub_0000985,cust_001005,prod_4,active,79.00,usd,2025-03-03 00:00:00,
sub_0000986,cust_001006,prod_4,active,79.00,usd,2025-03-06 00:00:00,
sub_0000987,cust_001007,prod_4,active,79.00,usd,2025-03-02 00:00:00,
sub_0000988,cust_001008,prod_2,active,99.00,aud,2025-03-06 00:00:00,
sub_0000989,cust_001009,prod_4,active,79.00,usd,2025-03-04 00:00:00,
sub_0000990,cust_001010,prod_4,active,79.00,usd,2025-03-02 00:00:00,
sub_0000991,cust_001011,prod_2,active,99.00,aud,2025-03-02 00:00:00,
sub_0000992,cust_001012,prod_4,active,79.00,usd,2025-03-06 00:00:00,
sub_0000993,cust_001013,prod_2,active,99.00,aud,2025-03-04 00:00:00,
sub_0000994,cust_001014,prod_4,cancelled,79.00,usd,2025-03-06 00:00:00,2025-05-01 00:00:00
sub_0000995,cust_001015,prod_4,active,79.00,usd,2025-03-04 00:00:00,
sub_0000996,cust_001016,prod_2,cancelled,99.00,aud,2025-03-06 00:00:00,2025-09-02 00:00:00
sub_0000997,cust_001017,prod_4,active,79.00,usd,2025-03-01 00:00:00,
sub_0000998,cust_001018,prod_4,active,79.00,usd,2025-03-06 00:00:00,
sub_0000999,cust_001019,prod_4,active,79.00,usd,2025-03-06 00:00:00,
sub_0001000,cust_001020,prod_4,active,79.00,usd,2025-03-02 00:00:00,
sub_0001001,cust_001021,prod_4,active,79.00,usd,2025-03-05 00:00:00,
sub_0001002,cust_001022,prod_4,active,79.00,usd,2025-03-02 00:00:00,
sub_0001003,cust_000479,prod_4,active,79.00,usd,2025-03-02 00:00:00,
sub_0001004,cust_000275,prod_2,active,99.00,aud,2025-03-05 00:00:00,
sub_0001005,cust_001028,prod_4,active,79.00,usd,2025-04-05 00:00:00,
sub_0001006,cust_000227,prod_4,cancelled,79.00,usd,2025-04-05 00:00:00,2026-01-20 00:00:00
sub_0001007,cust_001029,prod_4,active,79.00,usd,2025-04-05 00:00:00,
sub_0001008,cust_001030,prod_2,active,99.00,aud,2025-04-03 00:00:00,
sub_0001009,cust_001031,prod_4,active,79.00,usd,2025-04-03 00:00:00,
sub_0001010,cust_001032,prod_4,cancelled,79.00,usd,2025-04-02 00:00:00,2025-07-04 00:00:00
sub_0001011,cust_001033,prod_4,active,79.00,usd,2025-04-02 00:00:00,
sub_0001012,cust_000206,prod_2,cancelled,99.00,aud,2025-04-03 00:00:00,2025-11-03 00:00:00
sub_0001013,cust_001034,prod_4,cancelled,79.00,usd,2025-04-06 00:00:00,2025-07-03 00:00:00
sub_0001014,cust_001035,prod_2,active,99.00,aud,2025-04-01 00:00:00,
sub_0001015,cust_001036,prod_2,active,99.00,aud,2025-04-05 00:00:00,
sub_0001016,cust_001037,prod_4,active,79.00,usd,2025-04-02 00:00:00,
sub_0001017,cust_001038,prod_2,active,99.00,aud,2025-04-01 00:00:00,
sub_0001018,cust_001039,prod_4,active,79.00,usd,2025-04-01 00:00:00,
sub_0001019,cust_001040,prod_2,active,99.00,aud,2025-04-03 00:00:00,
sub_0001020,cust_001041,prod_2,active,99.00,aud,2025-04-03 00:00:00,
sub_0001021,cust_001042,prod_4,active,79.00,usd,2025-04-06 00:00:00,
sub_0001022,cust_001043,prod_4,active,79.00,usd,2025-04-04 00:00:00,
sub_0001023,cust_000113,prod_4,active,79.00,usd,2025-04-04 00:00:00,
sub_0001024,cust_000031,prod_4,active,79.00,usd,2025-04-04 00:00:00,
sub_0001025,cust_001044,prod_2,cancelled,99.00,aud,2025-04-04 00:00:00,2025-07-03 00:00:00
sub_0001026,cust_001045,prod_2,active,99.00,aud,2025-04-01 00:00:00,
sub_0001027,cust_001046,prod_4,active,79.00,usd,2025-04-05 00:00:00,
sub_0001028,cust_001047,prod_4,active,79.00,usd,2025-04-04 00:00:00,
sub_0001029,cust_001048,prod_4,active,79.00,usd,2025-04-06 00:00:00,
sub_0001030,cust_001049,prod_4,active,79.00,usd,2025-04-04 00:00:00,
sub_0001031,cust_001050,prod_4,active,79.00,usd,2025-04-06 00:00:00,
sub_0001032,cust_001051,prod_4,active,79.00,usd,2025-04-05 00:00:00,
sub_0001033,cust_000034,prod_4,active,79.00,usd,2025-04-05 00:00:00,
sub_0001034,cust_001052,prod_4,active,79.00,usd,2025-04-03 00:00:00,
sub_0001035,cust_001053,prod_2,active,99.00,aud,2025-04-04 00:00:00,
sub_0001036,cust_001054,prod_4,active,79.00,usd,2025-04-06 00:00:00,
sub_0001037,cust_001055,prod_4,active,79.00,usd,2025-04-03 00:00:00,
sub_0001038,cust_001056,prod_4,active,79.00,usd,2025-04-05 00:00:00,
sub_0001039,cust_001057,prod_5,active,2860.17,aud,2025-05-02 00:00:00,
sub_0001040,cust_001061,prod_6,active,1612.31,usd,2025-05-06 00:00:00,
sub_0001041,cust_001063,prod_4,active,79.00,usd,2025-05-05 00:00:00,
sub_0001042,cust_001064,prod_4,active,79.00,usd,2025-05-04 00:00:00,
sub_0001043,cust_001065,prod_4,active,79.00,usd,2025-05-01 00:00:00,
sub_0001044,cust_001066,prod_4,active,79.00,usd,2025-05-03 00:00:00,
sub_0001045,cust_001067,prod_4,active,79.00,usd,2025-05-06 00:00:00,
sub_0001046,cust_001068,prod_4,active,79.00,usd,2025-05-03 00:00:00,
sub_0001047,cust_001069,prod_4,active,79.00,usd,2025-05-02 00:00:00,
sub_0001048,cust_001070,prod_4,active,79.00,usd,2025-05-02 00:00:00,
sub_0001049,cust_001071,prod_4,active,79.00,usd,2025-05-05 00:00:00,
sub_0001050,cust_000083,prod_4,active,79.00,usd,2025-05-03 00:00:00,
sub_0001051,cust_001072,prod_4,active,79.00,usd,2025-05-01 00:00:00,
sub_0001052,cust_001073,prod_4,active,79.00,usd,2025-05-03 00:00:00,
sub_0001053,cust_001074,prod_2,active,99.00,aud,2025-05-05 00:00:00,
sub_0001054,cust_001075,prod_2,active,99.00,aud,2025-05-01 00:00:00,
sub_0001055,cust_001076,prod_4,active,79.00,usd,2025-05-01 00:00:00,
sub_0001056,cust_001077,prod_4,active,79.00,usd,2025-05-02 00:00:00,
sub_0001057,cust_001078,prod_4,active,79.00,usd,2025-05-03 00:00:00,
sub_0001058,cust_001079,prod_4,active,79.00,usd,2025-05-01 00:00:00,
sub_0001059,cust_001080,prod_4,active,79.00,usd,2025-05-03 00:00:00,
sub_0001060,cust_001081,prod_2,active,99.00,aud,2025-05-05 00:00:00,
sub_0001061,cust_001082,prod_2,active,99.00,aud,2025-05-05 00:00:00,
sub_0001062,cust_001083,prod_4,cancelled,79.00,usd,2025-05-06 00:00:00,2025-10-02 00:00:00
sub_0001063,cust_001084,prod_4,active,79.00,usd,2025-05-02 00:00:00,
sub_0001064,cust_001085,prod_4,cancelled,79.00,usd,2025-05-01 00:00:00,2025-07-04 00:00:00
sub_0001065,cust_001086,prod_2,active,99.00,aud,2025-05-06 00:00:00,
sub_0001066,cust_001087,prod_2,active,99.00,aud,2025-05-01 00:00:00,
sub_0001067,cust_001088,prod_2,active,99.00,aud,2025-05-02 00:00:00,
sub_0001068,cust_001089,prod_4,active,79.00,usd,2025-05-06 00:00:00,
sub_0001069,cust_001090,prod_2,active,99.00,aud,2025-05-04 00:00:00,
sub_0001070,cust_001091,prod_2,active,99.00,aud,2025-05-01 00:00:00,
sub_0001071,cust_001092,prod_2,active,99.00,aud,2025-05-05 00:00:00,
sub_0001072,cust_001093,prod_4,active,79.00,usd,2025-05-01 00:00:00,
sub_0001073,cust_001094,prod_4,active,79.00,usd,2025-05-01 00:00:00,
sub_0001074,cust_001095,prod_4,active,79.00,usd,2025-05-04 00:00:00,
sub_0001075,cust_001096,prod_4,active,79.00,usd,2025-05-06 00:00:00,
sub_0001076,cust_001097,prod_2,active,99.00,aud,2025-05-06 00:00:00,
sub_0001077,cust_001098,prod_4,active,79.00,usd,2025-05-05 00:00:00,
sub_0001078,cust_001099,prod_4,active,79.00,usd,2025-05-04 00:00:00,
sub_0001079,cust_001100,prod_5,cancelled,1890.24,aud,2025-06-02 00:00:00,2025-10-01 00:00:00
sub_0001080,cust_001103,prod_5,active,700.00,aud,2025-06-05 00:00:00,
sub_0001081,cust_001105,prod_2,active,99.00,aud,2025-06-05 00:00:00,
sub_0001082,cust_001106,prod_4,active,79.00,usd,2025-06-02 00:00:00,
sub_0001083,cust_001107,prod_4,active,79.00,usd,2025-06-06 00:00:00,
sub_0001084,cust_001108,prod_4,active,79.00,usd,2025-06-04 00:00:00,
sub_0001085,cust_001109,prod_4,active,79.00,usd,2025-06-02 00:00:00,
sub_0001086,cust_001110,prod_4,active,79.00,usd,2025-06-06 00:00:00,
sub_0001087,cust_001111,prod_2,active,99.00,aud,2025-06-05 00:00:00,
sub_0001088,cust_001112,prod_4,active,79.00,usd,2025-06-05 00:00:00,
sub_0001089,cust_001113,prod_4,active,79.00,usd,2025-06-05 00:00:00,
sub_0001090,cust_001114,prod_4,active,79.00,usd,2025-06-02 00:00:00,
sub_0001091,cust_001115,prod_2,active,99.00,aud,2025-06-01 00:00:00,
sub_0001092,cust_001116,prod_4,cancelled,79.00,usd,2025-06-04 00:00:00,2025-10-04 00:00:00
sub_0001093,cust_001117,prod_2,active,99.00,aud,2025-06-03 00:00:00,
sub_0001094,cust_001118,prod_4,active,79.00,usd,2025-06-01 00:00:00,
sub_0001095,cust_000153,prod_2,active,99.00,aud,2025-06-05 00:00:00,
sub_0001096,cust_001119,prod_4,active,79.00,usd,2025-06-03 00:00:00,
sub_0001097,cust_001120,prod_4,active,79.00,usd,2025-06-01 00:00:00,
sub_0001098,cust_001121,prod_4,active,79.00,usd,2025-06-06 00:00:00,
sub_0001099,cust_001122,prod_4,active,79.00,usd,2025-06-05 00:00:00,
sub_0001100,cust_001123,prod_2,active,99.00,aud,2025-06-05 00:00:00,
sub_0001101,cust_001124,prod_4,active,79.00,usd,2025-06-04 00:00:00,
sub_0001102,cust_001125,prod_4,active,79.00,usd,2025-06-04 00:00:00,
sub_0001103,cust_001126,prod_4,active,79.00,usd,2025-06-02 00:00:00,
sub_0001104,cust_001127,prod_4,active,79.00,usd,2025-06-03 00:00:00,
sub_0001105,cust_000306,prod_4,active,79.00,usd,2025-06-06 00:00:00,
sub_0001106,cust_001128,prod_4,active,79.00,usd,2025-06-03 00:00:00,
sub_0001107,cust_001129,prod_4,active,79.00,usd,2025-06-06 00:00:00,
sub_0001108,cust_001130,prod_4,active,79.00,usd,2025-06-06 00:00:00,
sub_0001109,cust_001131,prod_4,active,79.00,usd,2025-06-06 00:00:00,
sub_0001110,cust_001132,prod_4,active,79.00,usd,2025-06-05 00:00:00,
sub_0001111,cust_000072,prod_4,active,79.00,usd,2025-06-06 00:00:00,
sub_0001112,cust_001133,prod_4,active,79.00,usd,2025-06-02 00:00:00,
sub_0001113,cust_001134,prod_2,active,99.00,aud,2025-06-02 00:00:00,
sub_0001114,cust_001135,prod_4,active,79.00,usd,2025-06-06 00:00:00,
sub_0001115,cust_001136,prod_4,active,79.00,usd,2025-06-02 00:00:00,
sub_0001116,cust_001137,prod_4,active,79.00,usd,2025-06-06 00:00:00,
sub_0001117,cust_001138,prod_4,active,79.00,usd,2025-06-03 00:00:00,
sub_0001118,cust_001139,prod_2,active,99.00,aud,2025-06-05 00:00:00,
sub_0001119,cust_001140,prod_4,active,79.00,usd,2025-06-05 00:00:00,
sub_0001120,cust_001141,prod_8,active,8400.00,usd,2025-07-03 00:00:00,
sub_0001121,cust_001142,prod_6,active,1257.52,usd,2025-07-06 00:00:00,
sub_0001122,cust_001146,prod_4,active,79.00,usd,2025-07-04 00:00:00,
sub_0001123,cust_000305,prod_4,active,79.00,usd,2025-07-03 00:00:00,
sub_0001124,cust_001147,prod_4,active,79.00,usd,2025-07-05 00:00:00,
sub_0001125,cust_001148,prod_4,active,79.00,usd,2025-07-05 00:00:00,
sub_0001126,cust_001149,prod_4,cancelled,79.00,usd,2025-07-03 00:00:00,2025-09-03 00:00:00
sub_0001127,cust_001150,prod_4,active,79.00,usd,2025-07-02 00:00:00,
sub_0001128,cust_001151,prod_4,active,79.00,usd,2025-07-06 00:00:00,
sub_0001129,cust_001152,prod_4,active,79.00,usd,2025-07-03 00:00:00,
sub_0001130,cust_001153,prod_2,active,99.00,aud,2025-07-05 00:00:00,
sub_0001131,cust_001154,prod_4,active,79.00,usd,2025-07-01 00:00:00,
sub_0001132,cust_001155,prod_4,active,79.00,usd,2025-07-05 00:00:00,
sub_0001133,cust_001156,prod_4,active,79.00,usd,2025-07-03 00:00:00,
sub_0001134,cust_001157,prod_4,active,79.00,usd,2025-07-05 00:00:00,
sub_0001135,cust_001158,prod_2,active,99.00,aud,2025-07-04 00:00:00,
sub_0001136,cust_001159,prod_4,active,79.00,usd,2025-07-06 00:00:00,
sub_0001137,cust_001160,prod_4,active,79.00,usd,2025-07-04 00:00:00,
sub_0001138,cust_001161,prod_2,active,99.00,aud,2025-07-01 00:00:00,
sub_0001139,cust_001162,prod_4,active,79.00,usd,2025-07-03 00:00:00,
sub_0001140,cust_000177,prod_4,active,79.00,usd,2025-07-03 00:00:00,
sub_0001141,cust_001163,prod_4,active,79.00,usd,2025-07-02 00:00:00,
sub_0001142,cust_001164,prod_4,active,79.00,usd,2025-07-02 00:00:00,
sub_0001143,cust_001165,prod_2,active,99.00,aud,2025-07-02 00:00:00,
sub_0001144,cust_001166,prod_4,active,79.00,usd,2025-07-06 00:00:00,
sub_0001145,cust_000324,prod_2,active,99.00,aud,2025-07-02 00:00:00,
sub_0001146,cust_001167,prod_4,active,79.00,usd,2025-07-04 00:00:00,
sub_0001147,cust_001168,prod_2,active,99.00,aud,2025-07-05 00:00:00,
sub_0001148,cust_001169,prod_4,active,79.00,usd,2025-07-05 00:00:00,
sub_0001149,cust_001170,prod_4,active,79.00,usd,2025-07-06 00:00:00,
sub_0001150,cust_001171,prod_4,active,79.00,usd,2025-07-05 00:00:00,
sub_0001151,cust_001172,prod_4,active,79.00,usd,2025-07-04 00:00:00,
sub_0001152,cust_001173,prod_4,active,79.00,usd,2025-07-02 00:00:00,
sub_0001153,cust_001174,prod_4,active,79.00,usd,2025-07-04 00:00:00,
sub_0001154,cust_001175,prod_4,active,79.00,usd,2025-07-01 00:00:00,
sub_0001155,cust_001176,prod_4,active,79.00,usd,2025-07-05 00:00:00,
sub_0001156,cust_001177,prod_4,active,79.00,usd,2025-07-03 00:00:00,
sub_0001157,cust_001178,prod_4,active,79.00,usd,2025-07-03 00:00:00,
sub_0001158,cust_001180,prod_8,active,8400.00,usd,2025-08-03 00:00:00,
sub_0001159,cust_001181,prod_6,active,3719.09,usd,2025-08-06 00:00:00,
sub_0001160,cust_001185,prod_2,active,99.00,aud,2025-08-06 00:00:00,
sub_0001161,cust_001186,prod_2,active,99.00,aud,2025-08-06 00:00:00,
sub_0001162,cust_001187,prod_4,active,79.00,usd,2025-08-02 00:00:00,
sub_0001163,cust_001188,prod_2,active,99.00,aud,2025-08-05 00:00:00,
sub_0001164,cust_001189,prod_4,active,79.00,usd,2025-08-02 00:00:00,
sub_0001165,cust_001190,prod_2,active,99.00,aud,2025-08-01 00:00:00,
sub_0001166,cust_001191,prod_4,active,79.00,usd,2025-08-02 00:00:00,
sub_0001167,cust_000449,prod_4,active,79.00,usd,2025-08-02 00:00:00,
sub_0001168,cust_001192,prod_2,active,99.00,aud,2025-08-02 00:00:00,
sub_0001169,cust_001193,prod_4,active,79.00,usd,2025-08-04 00:00:00,
sub_0001170,cust_001194,prod_4,active,79.00,usd,2025-08-06 00:00:00,
sub_0001171,cust_001195,prod_4,active,79.00,usd,2025-08-06 00:00:00,
sub_0001172,cust_001196,prod_4,active,79.00,usd,2025-08-04 00:00:00,
sub_0001173,cust_001197,prod_2,active,99.00,aud,2025-08-05 00:00:00,
sub_0001174,cust_000261,prod_2,active,99.00,aud,2025-08-04 00:00:00,
sub_0001175,cust_001198,prod_4,active,79.00,usd,2025-08-02 00:00:00,
sub_0001176,cust_001199,prod_2,active,99.00,aud,2025-08-06 00:00:00,
sub_0001177,cust_001200,prod_4,active,79.00,usd,2025-08-02 00:00:00,
sub_0001178,cust_001201,prod_2,active,99.00,aud,2025-08-06 00:00:00,
sub_0001179,cust_001202,prod_4,active,79.00,usd,2025-08-03 00:00:00,
sub_0001180,cust_000220,prod_2,cancelled,99.00,aud,2025-08-03 00:00:00,2025-10-02 00:00:00
sub_0001181,cust_001203,prod_2,active,99.00,aud,2025-08-01 00:00:00,
sub_0001182,cust_001204,prod_2,active,99.00,aud,2025-08-02 00:00:00,
sub_0001183,cust_001205,prod_4,active,79.00,usd,2025-08-06 00:00:00,
sub_0001184,cust_001206,prod_4,active,79.00,usd,2025-08-04 00:00:00,
sub_0001185,cust_001207,prod_2,active,99.00,aud,2025-08-02 00:00:00,
sub_0001186,cust_001208,prod_2,active,99.00,aud,2025-08-01 00:00:00,
sub_0001187,cust_001209,prod_4,active,79.00,usd,2025-08-06 00:00:00,
sub_0001188,cust_001210,prod_2,active,99.00,aud,2025-08-06 00:00:00,
sub_0001189,cust_001211,prod_2,active,99.00,aud,2025-08-01 00:00:00,
sub_0001190,cust_000598,prod_2,active,99.00,aud,2025-08-02 00:00:00,
sub_0001191,cust_001212,prod_4,active,79.00,usd,2025-08-01 00:00:00,
sub_0001192,cust_001213,prod_4,active,79.00,usd,2025-08-01 00:00:00,
sub_0001193,cust_001214,prod_4,active,79.00,usd,2025-08-05 00:00:00,
sub_0001194,cust_000078,prod_4,active,79.00,usd,2025-08-06 00:00:00,
sub_0001195,cust_001215,prod_2,active,99.00,aud,2025-08-02 00:00:00,
sub_0001196,cust_000507,prod_2,active,99.00,aud,2025-08-04 00:00:00,
sub_0001197,cust_001216,prod_4,active,79.00,usd,2025-08-03 00:00:00,
sub_0001198,cust_001217,prod_6,active,15868.41,usd,2025-09-01 00:00:00,
sub_0001199,cust_001219,prod_6,active,4807.26,usd,2025-09-06 00:00:00,
sub_0001200,cust_001223,prod_4,active,79.00,usd,2025-09-01 00:00:00,
sub_0001201,cust_001224,prod_2,active,99.00,aud,2025-09-02 00:00:00,
sub_0001202,cust_000893,prod_4,active,79.00,usd,2025-09-02 00:00:00,
sub_0001203,cust_001225,prod_4,active,79.00,usd,2025-09-02 00:00:00,
sub_0001204,cust_001226,prod_2,active,99.00,aud,2025-09-06 00:00:00,
sub_0001205,cust_001227,prod_4,active,79.00,usd,2025-09-02 00:00:00,
sub_0001206,cust_001228,prod_4,active,79.00,usd,2025-09-04 00:00:00,
sub_0001207,cust_000520,prod_2,cancelled,99.00,aud,2025-09-01 00:00:00,2026-01-20 00:00:00
sub_0001208,cust_001229,prod_2,active,99.00,aud,2025-09-02 00:00:00,
sub_0001209,cust_001230,prod_4,active,79.00,usd,2025-09-04 00:00:00,
sub_0001210,cust_000346,prod_4,active,79.00,usd,2025-09-02 00:00:00,
sub_0001211,cust_001231,prod_4,active,79.00,usd,2025-09-03 00:00:00,
sub_0001212,cust_001232,prod_4,active,79.00,usd,2025-09-03 00:00:00,
sub_0001213,cust_001233,prod_2,active,99.00,aud,2025-09-05 00:00:00,
sub_0001214,cust_001234,prod_4,active,79.00,usd,2025-09-04 00:00:00,
sub_0001215,cust_001235,prod_4,active,79.00,usd,2025-09-06 00:00:00,
sub_0001216,cust_001236,prod_4,active,79.00,usd,2025-09-06 00:00:00,
sub_0001217,cust_001237,prod_2,active,99.00,aud,2025-09-05 00:00:00,
sub_0001218,cust_001238,prod_2,active,99.00,aud,2025-09-04 00:00:00,
sub_0001219,cust_001239,prod_4,active,79.00,usd,2025-09-02 00:00:00,
sub_0001220,cust_001240,prod_2,active,99.00,aud,2025-09-04 00:00:00,
sub_0001221,cust_001241,prod_2,active,99.00,aud,2025-09-05 00:00:00,
sub_0001222,cust_001242,prod_4,active,79.00,usd,2025-09-04 00:00:00,
sub_0001223,cust_001243,prod_4,active,79.00,usd,2025-09-01 00:00:00,
sub_0001224,cust_001244,prod_4,active,79.00,usd,2025-09-02 00:00:00,
sub_0001225,cust_001245,prod_4,active,79.00,usd,2025-09-01 00:00:00,
sub_0001226,cust_001246,prod_2,active,99.00,aud,2025-09-02 00:00:00,
sub_0001227,cust_001247,prod_2,active,99.00,aud,2025-09-06 00:00:00,
sub_0001228,cust_001248,prod_4,active,79.00,usd,2025-09-01 00:00:00,
sub_0001229,cust_001249,prod_2,active,99.00,aud,2025-09-03 00:00:00,
sub_0001230,cust_001250,prod_4,active,79.00,usd,2025-09-05 00:00:00,
sub_0001231,cust_001251,prod_4,active,79.00,usd,2025-09-04 00:00:00,
sub_0001232,cust_001252,prod_4,active,79.00,usd,2025-09-02 00:00:00,
sub_0001233,cust_001253,prod_4,active,79.00,usd,2025-09-03 00:00:00,
sub_0001234,cust_001100,prod_2,active,99.00,aud,2025-10-06 00:00:00,
sub_0001235,cust_001260,prod_2,active,99.00,aud,2025-10-06 00:00:00,
sub_0001236,cust_001261,prod_4,active,79.00,usd,2025-10-05 00:00:00,
sub_0001237,cust_000398,prod_4,cancelled,79.00,usd,2025-10-06 00:00:00,2026-01-20 00:00:00
sub_0001238,cust_001262,prod_4,active,79.00,usd,2025-10-04 00:00:00,
sub_0001239,cust_001263,prod_2,active,99.00,aud,2025-10-03 00:00:00,
sub_0001240,cust_001264,prod_4,active,79.00,usd,2025-10-03 00:00:00,
sub_0001241,cust_001265,prod_2,active,99.00,aud,2025-10-02 00:00:00,
sub_0001242,cust_001266,prod_4,active,79.00,usd,2025-10-02 00:00:00,
sub_0001243,cust_001267,prod_4,active,79.00,usd,2025-10-04 00:00:00,
sub_0001244,cust_001268,prod_4,active,79.00,usd,2025-10-04 00:00:00,
sub_0001245,cust_001269,prod_4,active,79.00,usd,2025-10-03 00:00:00,
sub_0001246,cust_001270,prod_4,active,79.00,usd,2025-10-02 00:00:00,
sub_0001247,cust_001271,prod_4,active,79.00,usd,2025-10-06 00:00:00,
sub_0001248,cust_001272,prod_4,active,79.00,usd,2025-10-02 00:00:00,
sub_0001249,cust_001273,prod_4,active,79.00,usd,2025-10-05 00:00:00,
sub_0001250,cust_001274,prod_4,active,79.00,usd,2025-10-05 00:00:00,
sub_0001251,cust_001275,prod_4,active,79.00,usd,2025-10-02 00:00:00,
sub_0001252,cust_001276,prod_4,active,79.00,usd,2025-10-02 00:00:00,
sub_0001253,cust_001277,prod_4,active,79.00,usd,2025-10-06 00:00:00,
sub_0001254,cust_001278,prod_4,cancelled,79.00,usd,2025-10-02 00:00:00,2025-12-01 00:00:00
sub_0001255,cust_001279,prod_4,active,79.00,usd,2025-10-01 00:00:00,
sub_0001256,cust_001280,prod_2,active,99.00,aud,2025-10-05 00:00:00,
sub_0001257,cust_001281,prod_4,active,79.00,usd,2025-10-02 00:00:00,
sub_0001258,cust_001282,prod_4,active,79.00,usd,2025-10-06 00:00:00,
sub_0001259,cust_001283,prod_4,active,79.00,usd,2025-10-04 00:00:00,
sub_0001260,cust_001284,prod_4,active,79.00,usd,2025-10-05 00:00:00,
sub_0001261,cust_001285,prod_4,active,79.00,usd,2025-10-01 00:00:00,
sub_0001262,cust_001286,prod_4,active,79.00,usd,2025-10-02 00:00:00,
sub_0001263,cust_000274,prod_2,active,99.00,aud,2025-10-05 00:00:00,
sub_0001264,cust_001287,prod_4,active,79.00,usd,2025-10-05 00:00:00,
sub_0001265,cust_001288,prod_2,active,99.00,aud,2025-10-02 00:00:00,
sub_0001266,cust_001289,prod_2,active,99.00,aud,2025-10-01 00:00:00,
sub_0001267,cust_001290,prod_4,active,79.00,usd,2025-10-06 00:00:00,
sub_0001268,cust_001291,prod_4,active,79.00,usd,2025-10-03 00:00:00,
sub_0001269,cust_001292,prod_4,active,79.00,usd,2025-10-05 00:00:00,
sub_0001270,cust_001293,prod_4,active,79.00,usd,2025-10-06 00:00:00,
sub_0001271,cust_001294,prod_4,active,79.00,usd,2025-10-06 00:00:00,
sub_0001272,cust_000303,prod_4,active,79.00,usd,2025-10-02 00:00:00,
sub_0001273,cust_001295,prod_4,active,79.00,usd,2025-10-05 00:00:00,
sub_0001274,cust_001296,prod_2,active,99.00,aud,2025-10-03 00:00:00,
sub_0001275,cust_001302,prod_2,active,99.00,aud,2025-11-04 00:00:00,
sub_0001276,cust_001303,prod_4,active,79.00,usd,2025-11-06 00:00:00,
sub_0001277,cust_001304,prod_2,active,99.00,aud,2025-11-06 00:00:00,
sub_0001278,cust_001305,prod_2,active,99.00,aud,2025-11-04 00:00:00,
sub_0001279,cust_001306,prod_4,active,79.00,usd,2025-11-04 00:00:00,
sub_0001280,cust_001307,prod_2,active,99.00,aud,2025-11-04 00:00:00,
sub_0001281,cust_001308,prod_4,active,79.00,usd,2025-11-01 00:00:00,
sub_0001282,cust_001309,prod_4,active,79.00,usd,2025-11-01 00:00:00,
sub_0001283,cust_001310,prod_4,active,79.00,usd,2025-11-05 00:00:00,
sub_0001284,cust_001311,prod_4,active,79.00,usd,2025-11-05 00:00:00,
sub_0001285,cust_001312,prod_4,active,79.00,usd,2025-11-06 00:00:00,
sub_0001286,cust_001313,prod_4,active,79.00,usd,2025-11-01 00:00:00,
sub_0001287,cust_001314,prod_2,active,99.00,aud,2025-11-02 00:00:00,
sub_0001288,cust_000145,prod_2,active,99.00,aud,2025-11-01 00:00:00,
sub_0001289,cust_001315,prod_4,active,79.00,usd,2025-11-02 00:00:00,
sub_0001290,cust_001316,prod_4,active,79.00,usd,2025-11-03 00:00:00,
sub_0001291,cust_001317,prod_4,active,79.00,usd,2025-11-06 00:00:00,
sub_0001292,cust_001318,prod_4,active,79.00,usd,2025-11-01 00:00:00,
sub_0001293,cust_001319,prod_4,active,79.00,usd,2025-11-06 00:00:00,
sub_0001294,cust_001320,prod_4,active,79.00,usd,2025-11-05 00:00:00,
sub_0001295,cust_001321,prod_4,active,79.00,usd,2025-11-06 00:00:00,
sub_0001296,cust_001322,prod_2,active,99.00,aud,2025-11-02 00:00:00,
sub_0001297,cust_001323,prod_4,active,79.00,usd,2025-11-03 00:00:00,
sub_0001298,cust_001324,prod_4,active,79.00,usd,2025-11-01 00:00:00,
sub_0001299,cust_001325,prod_2,active,99.00,aud,2025-11-04 00:00:00,
sub_0001300,cust_001326,prod_4,active,79.00,usd,2025-11-06 00:00:00,
sub_0001301,cust_001327,prod_2,active,99.00,aud,2025-11-01 00:00:00,
sub_0001302,cust_001328,prod_4,active,79.00,usd,2025-11-02 00:00:00,
sub_0001303,cust_000398,prod_4,active,79.00,usd,2025-11-05 00:00:00,
sub_0001304,cust_001329,prod_4,active,79.00,usd,2025-11-04 00:00:00,
sub_0001305,cust_001330,prod_4,active,79.00,usd,2025-11-01 00:00:00,
sub_0001306,cust_001331,prod_4,active,79.00,usd,2025-11-06 00:00:00,
sub_0001307,cust_001332,prod_4,active,79.00,usd,2025-11-05 00:00:00,
sub_0001308,cust_001333,prod_2,active,99.00,aud,2025-11-02 00:00:00,
sub_0001309,cust_001335,prod_6,active,1083.85,usd,2025-12-03 00:00:00,
sub_0001310,cust_001339,prod_2,active,99.00,aud,2025-12-02 00:00:00,
sub_0001311,cust_001340,prod_4,active,79.00,usd,2025-12-06 00:00:00,
sub_0001312,cust_000359,prod_2,active,99.00,aud,2025-12-04 00:00:00,
sub_0001313,cust_001341,prod_4,active,79.00,usd,2025-12-02 00:00:00,
sub_0001314,cust_001342,prod_2,active,99.00,aud,2025-12-04 00:00:00,
sub_0001315,cust_001343,prod_2,active,99.00,aud,2025-12-05 00:00:00,
sub_0001316,cust_001344,prod_4,active,79.00,usd,2025-12-01 00:00:00,
sub_0001317,cust_001345,prod_4,active,79.00,usd,2025-12-06 00:00:00,
sub_0001318,cust_001346,prod_4,active,79.00,usd,2025-12-02 00:00:00,
sub_0001319,cust_001347,prod_2,active,99.00,aud,2025-12-03 00:00:00,
sub_0001320,cust_001348,prod_4,active,79.00,usd,2025-12-02 00:00:00,
sub_0001321,cust_001349,prod_4,active,79.00,usd,2025-12-03 00:00:00,
sub_0001322,cust_000235,prod_4,active,79.00,usd,2025-12-03 00:00:00,
sub_0001323,cust_001350,prod_4,cancelled,79.00,usd,2025-12-06 00:00:00,2026-01-02 00:00:00
sub_0001324,cust_001351,prod_4,active,79.00,usd,2025-12-01 00:00:00,
sub_0001325,cust_001352,prod_2,active,99.00,aud,2025-12-03 00:00:00,
sub_0001326,cust_001353,prod_2,active,99.00,aud,2025-12-03 00:00:00,
sub_0001327,cust_001354,prod_4,active,79.00,usd,2025-12-06 00:00:00,
sub_0001328,cust_001355,prod_4,active,79.00,usd,2025-12-02 00:00:00,
sub_0001329,cust_001356,prod_4,active,79.00,usd,2025-12-01 00:00:00,
sub_0001330,cust_001357,prod_2,active,99.00,aud,2025-12-02 00:00:00,
sub_0001331,cust_000188,prod_2,active,99.00,aud,2025-12-06 00:00:00,
sub_0001332,cust_001358,prod_4,active,79.00,usd,2025-12-04 00:00:00,
sub_0001333,cust_001359,prod_4,active,79.00,usd,2025-12-01 00:00:00,
sub_0001334,cust_001360,prod_4,active,79.00,usd,2025-12-01 00:00:00,
sub_0001335,cust_001361,prod_2,active,99.00,aud,2025-12-05 00:00:00,
sub_0001336,cust_001362,prod_4,active,79.00,usd,2025-12-01 00:00:00,
sub_0001337,cust_001363,prod_4,active,79.00,usd,2025-12-01 00:00:00,
sub_0001338,cust_001364,prod_4,active,79.00,usd,2025-12-01 00:00:00,
sub_0001339,cust_001365,prod_4,active,79.00,usd,2025-12-06 00:00:00,
sub_0001340,cust_001366,prod_4,active,79.00,usd,2025-12-02 00:00:00,
sub_0001341,cust_000430,prod_2,active,99.00,aud,2025-12-05 00:00:00,
sub_0001342,cust_001367,prod_4,active,79.00,usd,2025-12-04 00:00:00,
sub_0001343,cust_001368,prod_4,active,79.00,usd,2025-12-06 00:00:00,
sub_0001344,cust_001369,prod_2,active,99.00,aud,2025-12-06 00:00:00,
sub_0001345,cust_001370,prod_4,active,79.00,usd,2025-12-02 00:00:00,
sub_0001346,cust_001371,prod_4,active,79.00,usd,2025-12-04 00:00:00,
sub_0001347,cust_001372,prod_4,active,79.00,usd,2025-12-03 00:00:00,
sub_0001348,cust_001373,prod_4,active,79.00,usd,2025-12-04 00:00:00,
sub_0001349,cust_001374,prod_4,active,79.00,usd,2025-12-06 00:00:00,
sub_0001350,cust_001375,prod_8,active,8400.00,usd,2026-01-03 00:00:00,
sub_0001351,cust_001379,prod_6,active,991.18,usd,2026-01-01 00:00:00,
sub_0001352,cust_000550,prod_6,active,901.28,usd,2026-01-06 00:00:00,
sub_0001353,cust_001380,prod_4,active,79.00,usd,2026-01-04 00:00:00,
sub_0001354,cust_001381,prod_4,active,79.00,usd,2026-01-06 00:00:00,
sub_0001355,cust_000111,prod_4,active,79.00,usd,2026-01-02 00:00:00,
sub_0001356,cust_000005,prod_2,active,99.00,aud,2026-01-04 00:00:00,
sub_0001357,cust_001382,prod_4,active,79.00,usd,2026-01-04 00:00:00,
sub_0001358,cust_001383,prod_4,active,79.00,usd,2026-01-02 00:00:00,
sub_0001359,cust_001384,prod_4,active,79.00,usd,2026-01-06 00:00:00,
sub_0001360,cust_001385,prod_4,active,79.00,usd,2026-01-06 00:00:00,
sub_0001361,cust_001386,prod_2,active,99.00,aud,2026-01-02 00:00:00,
sub_0001362,cust_001387,prod_4,active,79.00,usd,2026-01-03 00:00:00,
sub_0001363,cust_001388,prod_2,active,99.00,aud,2026-01-03 00:00:00,
sub_0001364,cust_001389,prod_4,active,79.00,usd,2026-01-05 00:00:00,
sub_0001365,cust_001390,prod_2,active,99.00,aud,2026-01-03 00:00:00,
sub_0001366,cust_000128,prod_4,active,79.00,usd,2026-01-04 00:00:00,
sub_0001367,cust_001391,prod_2,active,99.00,aud,2026-01-06 00:00:00,
sub_0001368,cust_001392,prod_4,active,79.00,usd,2026-01-02 00:00:00,
sub_0001369,cust_000520,prod_4,active,79.00,usd,2026-01-01 00:00:00,
sub_0001370,cust_001393,prod_2,active,99.00,aud,2026-01-02 00:00:00,
sub_0001371,cust_001394,prod_4,active,79.00,usd,2026-01-05 00:00:00,
sub_0001372,cust_001395,prod_4,active,79.00,usd,2026-01-02 00:00:00,
sub_0001373,cust_001396,prod_4,active,79.00,usd,2026-01-05 00:00:00,
sub_0001374,cust_001397,prod_4,active,79.00,usd,2026-01-01 00:00:00,
sub_0001375,cust_001398,prod_2,active,99.00,aud,2026-01-04 00:00:00,
sub_0001376,cust_001399,prod_2,active,99.00,aud,2026-01-03 00:00:00,
sub_0001377,cust_000227,prod_4,active,79.00,usd,2026-01-04 00:00:00,
sub_0001378,cust_001400,prod_4,active,79.00,usd,2026-01-02 00:00:00,
sub_0001379,cust_001401,prod_4,active,79.00,usd,2026-01-04 00:00:00,
sub_0001380,cust_001402,prod_4,active,79.00,usd,2026-01-05 00:00:00,
sub_0001381,cust_001403,prod_4,active,79.00,usd,2026-01-06 00:00:00,
sub_0001382,cust_000434,prod_2,active,99.00,aud,2026-01-02 00:00:00,
sub_0001383,cust_001404,prod_4,active,79.00,usd,2026-01-02 00:00:00,
sub_0001384,cust_001405,prod_4,active,79.00,usd,2026-01-03 00:00:00,
sub_0001385,cust_001406,prod_2,active,99.00,aud,2026-01-01 00:00:00,
sub_0001386,cust_001407,prod_4,active,79.00,usd,2026-01-03 00:00:00,
sub_0001387,cust_001408,prod_2,active,99.00,aud,2026-01-04 00:00:00,
sub_0001388,cust_000003,prod_4,active,79.00,usd,2026-01-02 00:00:00,
sub_0001389,cust_001409,prod_2,active,99.00,aud,2026-01-03 00:00:00,
sub_0001390,cust_001410,prod_4,active,79.00,usd,2026-01-06 00:00:00,
sub_0001391,cust_001411,prod_4,active,79.00,usd,2026-01-04 00:00:00,
sub_0001392,cust_001083,prod_4,active,79.00,usd,2026-01-04 00:00:00,
sub_0001393,cust_001412,prod_6,active,1992.15,usd,2026-01-04 00:00:00,
sub_0001394,cust_001417,prod_4,active,79.00,usd,2026-01-14 00:00:00,
sub_0001395,cust_001418,prod_4,active,79.00,usd,2026-01-21 00:00:00,
sub_0001396,cust_001419,prod_4,active,79.00,usd,2026-01-17 00:00:00,
sub_0001397,cust_001420,prod_2,active,99.00,aud,2026-01-16 00:00:00,
sub_0001398,cust_001421,prod_4,active,79.00,usd,2026-01-06 00:00:00,
sub_0001399,cust_001422,prod_4,active,79.00,usd,2026-01-01 00:00:00,
sub_0001400,cust_001423,prod_2,active,99.00,aud,2026-01-21 00:00:00,
sub_0001401,cust_001424,prod_2,active,99.00,aud,2026-01-21 00:00:00,
sub_0001402,cust_001425,prod_4,active,79.00,usd,2026-01-21 00:00:00,
sub_0001403,cust_001426,prod_4,active,79.00,usd,2026-01-20 00:00:00,
sub_0001404,cust_001427,prod_4,active,79.00,usd,2026-01-24 00:00:00,
sub_0001405,cust_001428,prod_2,active,99.00,aud,2026-01-08 00:00:00,
sub_0001406,cust_001429,prod_2,active,99.00,aud,2026-01-12 00:00:00,
sub_0001407,cust_001430,prod_4,active,79.00,usd,2026-01-18 00:00:00,
